{"cameraMode":{"drawMode":0,"name":"Shaded","section":"Shading Mode"},"sceneLighting":false,"audioPlay":false,"sceneViewState":{"m_AlwaysRefresh":false,"showFog":true,"showSkybox":false,"showFlares":true,"showImageEffects":true,"showParticleSystems":true,"showVisualEffectGraphs":true,"m_FxEnabled":true},"in2DMode":false,"pivot":{"x":-27.889144897460939,"y":55.270652770996097,"z":-10.763949394226075},"rotation":{"x":0.6173008680343628,"y":0.32947608828544619,"z":-0.32031700015068056,"w":0.638831615447998},"size":0.6495037078857422,"orthographic":true}