{"cameraMode":{"drawMode":0,"name":"Shaded","section":"Shading Mode"},"sceneLighting":false,"audioPlay":false,"sceneViewState":{"m_AlwaysRefresh":false,"showFog":true,"showSkybox":false,"showFlares":true,"showImageEffects":true,"showParticleSystems":true,"showVisualEffectGraphs":true,"m_FxEnabled":true},"in2DMode":false,"pivot":{"x":-27.436830520629884,"y":54.320274353027347,"z":-40.45536804199219},"rotation":{"x":0.2479272335767746,"y":0.16340471804141999,"z":-0.04346868023276329,"w":0.9540793299674988},"size":1.0711907148361207,"orthographic":true}