{"cameraMode":{"drawMode":0,"name":"Shaded","section":"Shading Mode"},"sceneLighting":false,"audioPlay":false,"sceneViewState":{"m_AlwaysRefresh":false,"showFog":true,"showSkybox":false,"showFlares":true,"showImageEffects":true,"showParticleSystems":true,"showVisualEffectGraphs":true,"m_FxEnabled":true},"in2DMode":false,"pivot":{"x":-26.329988479614259,"y":55.220462799072269,"z":-11.261372566223145},"rotation":{"x":0.1260763704776764,"y":0.8114408850669861,"z":-0.19220900535583497,"w":0.5376361608505249},"size":1.4474406242370606,"orthographic":true}