{"cameraMode":{"drawMode":0,"name":"Shaded","section":"Shading Mode"},"sceneLighting":true,"audioPlay":false,"sceneViewState":{"m_AlwaysRefresh":false,"showFog":true,"showSkybox":true,"showFlares":true,"showImageEffects":true,"showParticleSystems":true,"showVisualEffectGraphs":true,"m_FxEnabled":true},"in2DMode":false,"pivot":{"x":-13.803363800048829,"y":-18.040185928344728,"z":18.152658462524415},"rotation":{"x":0.47551584243774416,"y":0.15289083123207093,"z":-0.08431994169950485,"w":0.862209141254425},"size":14.023612976074219,"orthographic":false}