{"cameraMode":{"drawMode":0,"name":"Shaded","section":"Shading Mode"},"sceneLighting":false,"audioPlay":false,"sceneViewState":{"m_AlwaysRefresh":false,"showFog":true,"showSkybox":false,"showFlares":true,"showImageEffects":true,"showParticleSystems":true,"showVisualEffectGraphs":true,"m_FxEnabled":true},"in2DMode":false,"pivot":{"x":-3.6300010681152345,"y":0.11277127265930176,"z":1.309999942779541},"rotation":{"x":0.44925498962402346,"y":0.04286043345928192,"z":-0.02157476730644703,"w":0.8921394348144531},"size":1.9411426782608033,"orthographic":false}