{"cameraMode":{"drawMode":0,"name":"Shaded","section":"Shading Mode"},"sceneLighting":true,"audioPlay":false,"sceneViewState":{"m_AlwaysRefresh":false,"showFog":true,"showSkybox":true,"showFlares":true,"showImageEffects":true,"showParticleSystems":true,"showVisualEffectGraphs":true,"m_FxEnabled":true},"in2DMode":false,"pivot":{"x":14.336997985839844,"y":26.65349578857422,"z":-39.60627746582031},"rotation":{"x":0.31595152616500857,"y":0.5019059181213379,"z":-0.20556795597076417,"w":0.7787380218505859},"size":30.093957901000978,"orthographic":true}