{"cameraMode":{"drawMode":0,"name":"Shaded","section":"Shading Mode"},"sceneLighting":false,"audioPlay":false,"sceneViewState":{"m_AlwaysRefresh":false,"showFog":true,"showSkybox":false,"showFlares":true,"showImageEffects":true,"showParticleSystems":true,"showVisualEffectGraphs":true,"m_FxEnabled":true},"in2DMode":false,"pivot":{"x":-20.117023468017579,"y":56.84778594970703,"z":-8.046969413757325},"rotation":{"x":0.44925498962402346,"y":0.04286043345928192,"z":-0.02157476730644703,"w":0.8921394348144531},"size":3.7119455337524416,"orthographic":false}