{"cameraMode":{"drawMode":0,"name":"Shaded","section":"Shading Mode"},"sceneLighting":false,"audioPlay":false,"sceneViewState":{"m_AlwaysRefresh":false,"showFog":true,"showSkybox":false,"showFlares":true,"showImageEffects":true,"showParticleSystems":true,"showVisualEffectGraphs":true,"m_FxEnabled":true},"in2DMode":false,"pivot":{"x":-22.323741912841798,"y":18.89865493774414,"z":17.26401138305664},"rotation":{"x":-0.024662736803293229,"y":0.25419896841049197,"z":-0.006471530068665743,"w":-0.9668485522270203},"size":5.656346797943115,"orthographic":false}