{"cameraMode":{"drawMode":0,"name":"Shaded","section":"Shading Mode"},"sceneLighting":false,"audioPlay":false,"sceneViewState":{"m_AlwaysRefresh":false,"showFog":true,"showSkybox":false,"showFlares":true,"showImageEffects":true,"showParticleSystems":true,"showVisualEffectGraphs":true,"m_FxEnabled":true},"in2DMode":false,"pivot":{"x":-10.600000381469727,"y":54.706932067871097,"z":-28.676841735839845},"rotation":{"x":0.36411789059638979,"y":0.42210960388183596,"z":-0.1914629489183426,"w":0.8080264925956726},"size":0.6648983359336853,"orthographic":true}