{"cameraMode":{"drawMode":0,"name":"Shaded","section":"Shading Mode"},"sceneLighting":false,"audioPlay":false,"sceneViewState":{"m_AlwaysRefresh":false,"showFog":true,"showSkybox":false,"showFlares":true,"showImageEffects":true,"showParticleSystems":true,"showVisualEffectGraphs":true,"m_FxEnabled":true},"in2DMode":false,"pivot":{"x":-26.30293846130371,"y":55.63174819946289,"z":-12.433786392211914},"rotation":{"x":0.44925498962402346,"y":0.04286043345928192,"z":-0.02157476730644703,"w":0.8921394348144531},"size":0.20633891224861146,"orthographic":false}