{"cameraMode":{"drawMode":0,"name":"Shaded","section":"Shading Mode"},"sceneLighting":false,"audioPlay":false,"sceneViewState":{"m_AlwaysRefresh":false,"showFog":true,"showSkybox":false,"showFlares":true,"showImageEffects":true,"showParticleSystems":true,"showVisualEffectGraphs":true,"m_FxEnabled":true},"in2DMode":false,"pivot":{"x":4.23430061340332,"y":19.191564559936525,"z":-1.9129552841186524},"rotation":{"x":0.44925498962402346,"y":0.04286043345928192,"z":-0.02157476730644703,"w":0.8921394348144531},"size":3.2966926097869875,"orthographic":false}