{"cameraMode":{"drawMode":0,"name":"Shaded","section":"Shading Mode"},"sceneLighting":false,"audioPlay":false,"sceneViewState":{"m_AlwaysRefresh":false,"showFog":true,"showSkybox":false,"showFlares":true,"showImageEffects":true,"showParticleSystems":true,"showVisualEffectGraphs":true,"m_FxEnabled":true},"in2DMode":false,"pivot":{"x":-1.0248656272888184,"y":14.098751068115235,"z":123.78826141357422},"rotation":{"x":0.44925498962402346,"y":0.04286043345928192,"z":-0.02157476730644703,"w":0.8921394348144531},"size":4.132183074951172,"orthographic":false}